agent,turns_total,cache_hits,cache_hit_pct,executed_requests,avg_executed_request_latency_s,num_instances
Inner-Navigator-Assistant,349,120,34.38395415472779,229,11.739013665628224,10
Inner-Editor-Assistant,233,69,29.613733905579398,164,11.578871456588187,10
Planner,229,69,30.131004366812224,160,9.096611890196801,10
Inner-Executor-Assistant,119,46,38.655462184873954,73,5.812448269700351,8
