agent,turns_total,cache_hits,cache_hit_pct,executed_requests,avg_executed_request_latency_s,total_prompt_tokens,total_completion_tokens,total_tokens,lm_tokens_per_s,avg_prompt_tokens_per_executed_request,avg_completion_tokens_per_executed_request,estimated_saved_lm_time_s,estimated_saved_stage_time_s,estimated_saved_prompt_tokens,estimated_saved_completion_tokens,estimated_saved_total_tokens,num_instances
Inner-Navigator-Assistant,349,120,34.38395415472779,229,11.739013665628224,3016404,37348,3053752,1135.9695074806575,13172.069868995633,163.09170305676855,1817.262523174286,1844.8125231742883,2055009,22414,2077423,10
Inner-Editor-Assistant,233,69,29.613733905579398,164,11.578871456588187,1923649,30095,1953744,1028.863064539279,11729.567073170732,183.5060975609756,1117.5105316638947,1129.0105316638944,1578272,11648,1589920,10
Planner,229,69,30.131004366812224,160,9.096611890196801,831953,25648,857601,589.2310581895167,5199.70625,160.3,604.6999199390411,604.6999199390411,557163,9195,566358,10
Inner-Executor-Assistant,119,46,38.655462184873954,73,5.812448269700351,218887,7949,226836,534.601311112162,2998.4520547945203,108.89041095890411,272.0867483615875,340.9867483615875,171928,5083,177011,8
